{"Items":[{"TypeName":"Fred","TypeSpeed":0.019999999552965165,"TextColorR":1.0,"TextColorG":0.8999999761581421,"TextColorB":0.5199999809265137},{"TypeName":"Tom","TypeSpeed":0.019999999552965165,"TextColorR":1.0,"TextColorG":0.8999999761581421,"TextColorB":0.5199999809265137}]}